Day,Preference Score
0,93.0189393939394
1,95.14267676767678
2,94.54292929292932
3,94.90025252525253
4,94.93939393939394
5,94.05429292929294
6,94.42424242424242
