Day,Preference Score
0,95.14999999999739
1,94.77499999994107
2,93.5999999998178
3,94.79999999991476
4,95.17499999999583
5,94.94999999990786
6,93.02499999978686
