Day,Preference Score
0,40.57142857142857
1,40.22222222222222
2,40.08333333333334
3,43.416666666666664
4,34.73015873015873
5,35.68650793650793
6,37.849206349206355
